tempo_dt,posicao_y,xi,velocidade_v,aceleracao
0.0, 10.0, 0, 0.0, -10.0
0.0, 9.9985, 9.9975, -0.1, -10.0
0.0, 9.995999999999999, 9.993999999999998, -0.2, -10.0
0.0, 9.992499999999998, 9.989499999999998, -0.30000000000000004, -10.0
0.0, 9.987999999999998, 9.983999999999998, -0.4, -10.0
0.0, 9.982499999999996, 9.977499999999996, -0.5, -10.0
0.0, 9.975999999999996, 9.969999999999995, -0.6, -10.0
0.0, 9.968499999999995, 9.961499999999996, -0.7, -10.0
0.0, 9.959999999999996, 9.951999999999996, -0.7999999999999999, -10.0
0.0, 9.950499999999995, 9.941499999999994, -0.8999999999999999, -10.0
0.0, 9.939999999999994, 9.929999999999994, -0.9999999999999999, -10.0
0.0, 9.928499999999994, 9.917499999999995, -1.0999999999999999, -10.0
0.0, 9.915999999999993, 9.903999999999993, -1.2, -10.0
0.0, 9.902499999999993, 9.889499999999993, -1.3, -10.0
0.0, 9.887999999999993, 9.873999999999993, -1.4000000000000001, -10.0
0.0, 9.872499999999992, 9.857499999999991, -1.5000000000000002, -10.0
0.0, 9.855999999999991, 9.839999999999991, -1.6000000000000003, -10.0
0.0, 9.838499999999991, 9.821499999999991, -1.7000000000000004, -10.0
0.0, 9.81999999999999, 9.801999999999989, -1.8000000000000005, -10.0
0.0, 9.800499999999989, 9.781499999999989, -1.9000000000000006, -10.0
0.0, 9.779999999999989, 9.75999999999999, -2.0000000000000004, -10.0
0.0, 9.758499999999987, 9.737499999999986, -2.1000000000000005, -10.0
0.0, 9.735999999999986, 9.713999999999986, -2.2000000000000006, -10.0
0.0, 9.712499999999986, 9.689499999999986, -2.3000000000000007, -10.0
0.0, 9.687999999999986, 9.663999999999987, -2.400000000000001, -10.0
0.0, 9.662499999999985, 9.637499999999985, -2.500000000000001, -10.0
0.0, 9.635999999999985, 9.609999999999985, -2.600000000000001, -10.0
0.0, 9.608499999999985, 9.581499999999986, -2.700000000000001, -10.0
0.0, 9.579999999999984, 9.551999999999984, -2.800000000000001, -10.0
0.0, 9.550499999999984, 9.521499999999984, -2.9000000000000012, -10.0
0.0, 9.519999999999984, 9.489999999999984, -3.0000000000000013, -10.0
0.0, 9.488499999999982, 9.457499999999982, -3.1000000000000014, -10.0
0.0, 9.455999999999982, 9.423999999999982, -3.2000000000000015, -10.0
0.0, 9.422499999999982, 9.389499999999982, -3.3000000000000016, -10.0
0.0, 9.38799999999998, 9.35399999999998, -3.4000000000000017, -10.0
0.0, 9.35249999999998, 9.31749999999998, -3.5000000000000018, -10.0
0.0, 9.31599999999998, 9.27999999999998, -3.600000000000002, -10.0
0.0, 9.278499999999978, 9.241499999999977, -3.700000000000002, -10.0
0.0, 9.239999999999977, 9.201999999999977, -3.800000000000002, -10.0
0.0, 9.200499999999977, 9.161499999999977, -3.900000000000002, -10.0
0.0, 9.159999999999977, 9.119999999999978, -4.000000000000002, -10.0
0.0, 9.118499999999976, 9.077499999999976, -4.100000000000001, -10.0
0.0, 9.075999999999976, 9.033999999999976, -4.200000000000001, -10.0
0.0, 9.032499999999976, 8.989499999999977, -4.300000000000001, -10.0
0.0, 8.987999999999975, 8.943999999999974, -4.4, -10.0
0.0, 8.942499999999974, 8.897499999999974, -4.5, -10.0
0.0, 8.895999999999974, 8.849999999999975, -4.6, -10.0
0.0, 8.848499999999973, 8.801499999999972, -4.699999999999999, -10.0
0.0, 8.799999999999972, 8.751999999999972, -4.799999999999999, -10.0
0.0, 8.750499999999972, 8.701499999999973, -4.899999999999999, -10.0
0.0, 8.69999999999997, 8.64999999999997, -4.999999999999998, -10.0
0.0, 8.64849999999997, 8.59749999999997, -5.099999999999998, -10.0
0.0, 8.59599999999997, 8.54399999999997, -5.1999999999999975, -10.0
0.0, 8.542499999999968, 8.489499999999968, -5.299999999999997, -10.0
0.0, 8.487999999999968, 8.433999999999967, -5.399999999999997, -10.0
0.0, 8.432499999999967, 8.377499999999968, -5.4999999999999964, -10.0
0.0, 8.375999999999967, 8.319999999999968, -5.599999999999996, -10.0
0.0, 8.318499999999966, 8.261499999999966, -5.699999999999996, -10.0
0.0, 8.259999999999966, 8.201999999999966, -5.799999999999995, -10.0
0.0, 8.200499999999966, 8.141499999999967, -5.899999999999995, -10.0
0.0, 8.139999999999965, 8.079999999999965, -5.999999999999995, -10.0
0.0, 8.078499999999964, 8.017499999999965, -6.099999999999994, -10.0
0.0, 8.015999999999964, 7.953999999999964, -6.199999999999994, -10.0
0.0, 7.952499999999965, 7.889499999999965, -6.299999999999994, -10.0
0.0, 7.887999999999965, 7.823999999999965, -6.399999999999993, -10.0
0.0, 7.822499999999966, 7.7574999999999665, -6.499999999999993, -10.0
0.0, 7.7559999999999665, 7.689999999999967, -6.5999999999999925, -10.0
0.0, 7.688499999999967, 7.621499999999966, -6.699999999999992, -10.0
0.0, 7.619999999999967, 7.551999999999968, -6.799999999999992, -10.0
0.0, 7.550499999999968, 7.481499999999968, -6.8999999999999915, -10.0
0.0, 7.479999999999968, 7.409999999999967, -6.999999999999991, -10.0
0.0, 7.408499999999968, 7.337499999999968, -7.099999999999991, -10.0
0.0, 7.335999999999968, 7.263999999999968, -7.19999999999999, -10.0
0.0, 7.262499999999969, 7.18949999999997, -7.29999999999999, -10.0
0.0, 7.1879999999999695, 7.11399999999997, -7.39999999999999, -10.0
0.0, 7.11249999999997, 7.0374999999999694, -7.499999999999989, -10.0
0.0, 7.03599999999997, 6.959999999999971, -7.599999999999989, -10.0
0.0, 6.958499999999971, 6.881499999999971, -7.699999999999989, -10.0
0.0, 6.879999999999971, 6.80199999999997, -7.799999999999988, -10.0
0.0, 6.800499999999971, 6.721499999999971, -7.899999999999988, -10.0
0.0, 6.719999999999971, 6.639999999999971, -7.999999999999988, -10.0
0.0, 6.638499999999972, 6.557499999999973, -8.099999999999987, -10.0
0.0, 6.5559999999999725, 6.473999999999973, -8.199999999999987, -10.0
0.0, 6.472499999999973, 6.389499999999972, -8.299999999999986, -10.0
0.0, 6.387999999999973, 6.303999999999974, -8.399999999999986, -10.0
0.0, 6.302499999999974, 6.217499999999974, -8.499999999999986, -10.0
0.0, 6.2159999999999735, 6.129999999999974, -8.599999999999985, -10.0
0.0, 6.128499999999974, 6.041499999999974, -8.699999999999985, -10.0
0.0, 6.039999999999974, 5.951999999999974, -8.799999999999985, -10.0
0.0, 5.950499999999975, 5.8614999999999755, -8.899999999999984, -10.0
0.0, 5.8599999999999755, 5.769999999999976, -8.999999999999984, -10.0
0.0, 5.7684999999999755, 5.677499999999975, -9.099999999999984, -10.0
0.0, 5.675999999999976, 5.5839999999999765, -9.199999999999983, -10.0
0.0, 5.5824999999999765, 5.4894999999999765, -9.299999999999983, -10.0
0.0, 5.487999999999977, 5.393999999999978, -9.399999999999983, -10.0
0.0, 5.392499999999978, 5.297499999999978, -9.499999999999982, -10.0
0.0, 5.295999999999978, 5.199999999999978, -9.599999999999982, -10.0
0.0, 5.198499999999979, 5.101499999999979, -9.699999999999982, -10.0
0.0, 5.099999999999979, 5.001999999999979, -9.799999999999981, -10.0
0.0, 5.000499999999979, 4.901499999999979, -9.89999999999998, -10.0
0.0, 4.89999999999998, 4.79999999999998, -9.99999999999998, -10.0
0.0, 4.79849999999998, 4.69749999999998, -10.09999999999998, -10.0
0.0, 4.695999999999981, 4.593999999999982, -10.19999999999998, -10.0
0.0, 4.592499999999982, 4.489499999999982, -10.29999999999998, -10.0
0.0, 4.487999999999982, 4.383999999999982, -10.399999999999979, -10.0
0.0, 4.3824999999999825, 4.277499999999983, -10.499999999999979, -10.0
0.0, 4.275999999999983, 4.169999999999983, -10.599999999999978, -10.0
0.0, 4.168499999999983, 4.061499999999983, -10.699999999999978, -10.0
0.0, 4.059999999999984, 3.951999999999984, -10.799999999999978, -10.0
0.0, 3.9504999999999835, 3.8414999999999835, -10.899999999999977, -10.0
0.0, 3.8399999999999834, 3.7299999999999836, -10.999999999999977, -10.0
0.0, 3.7284999999999835, 3.6174999999999837, -11.099999999999977, -10.0
0.0, 3.6159999999999837, 3.503999999999984, -11.199999999999976, -10.0
0.0, 3.502499999999984, 3.389499999999984, -11.299999999999976, -10.0
0.0, 3.387999999999984, 3.273999999999984, -11.399999999999975, -10.0
0.0, 3.272499999999984, 3.157499999999984, -11.499999999999975, -10.0
0.0, 3.155999999999984, 3.0399999999999845, -11.599999999999975, -10.0
0.0, 3.0384999999999844, 2.921499999999985, -11.699999999999974, -10.0
0.0, 2.9199999999999844, 2.8019999999999845, -11.799999999999974, -10.0
0.0, 2.8004999999999844, 2.6814999999999847, -11.899999999999974, -10.0
0.0, 2.6799999999999846, 2.559999999999985, -11.999999999999973, -10.0
0.0, 2.558499999999985, 2.4374999999999853, -12.099999999999973, -10.0
0.0, 2.435999999999985, 2.313999999999985, -12.199999999999973, -10.0
0.0, 2.312499999999985, 2.189499999999985, -12.299999999999972, -10.0
0.0, 2.187999999999985, 2.0639999999999854, -12.399999999999972, -10.0
0.0, 2.0624999999999853, 1.9374999999999856, -12.499999999999972, -10.0
0.0, 1.9359999999999857, 1.809999999999986, -12.599999999999971, -10.0
0.0, 1.808499999999986, 1.6814999999999862, -12.69999999999997, -10.0
0.0, 1.6799999999999864, 1.5519999999999867, -12.79999999999997, -10.0
0.0, 1.5504999999999867, 1.4214999999999869, -12.89999999999997, -10.0
0.0, 1.419999999999987, 1.2899999999999874, -12.99999999999997, -10.0
0.0, 1.2884999999999873, 1.1574999999999875, -13.09999999999997, -10.0
0.0, 1.1559999999999877, 1.023999999999988, -13.199999999999969, -10.0
0.0, 1.022499999999988, 0.8894999999999883, -13.299999999999969, -10.0
0.0, 0.8879999999999884, 0.7539999999999887, -13.399999999999968, -10.0
0.0, 0.7524999999999887, 0.6174999999999891, -13.499999999999968, -10.0
0.0, 0.6159999999999891, 0.47999999999998944, -13.599999999999968, -10.0
0.0, 0.47849999999998943, 0.34149999999998976, -13.699999999999967, -10.0
0.0, 0.33999999999998975, 0.20199999999999008, -13.799999999999967, -10.0
0.0, 0.20049999999999008, 0.061499999999990396, -13.899999999999967, -10.0
0.0, 0.05999999999999042, -0.08000000000000923, -13.999999999999966, -10.0
0.0, -0.08150000000000923, -0.22250000000000889, -14.099999999999966, -10.0
0.0, -0.2240000000000089, -0.36600000000000854, -14.199999999999966, -10.0
0.0, -0.36750000000000854, -0.5105000000000082, -14.299999999999965, -10.0
0.0, -0.5120000000000081, -0.6560000000000078, -14.399999999999965, -10.0
0.0, -0.6575000000000077, -0.8025000000000074, -14.499999999999964, -10.0
0.0, -0.8040000000000074, -0.9500000000000071, -14.599999999999964, -10.0
0.0, -0.9515000000000069, -1.0985000000000065, -14.699999999999964, -10.0
0.0, -1.1000000000000065, -1.2480000000000062, -14.799999999999963, -10.0
0.0, -1.249500000000006, -1.3985000000000056, -14.899999999999963, -10.0
0.0, -1.4000000000000057, -1.5500000000000054, -14.999999999999963, -10.0
0.0, -1.5515000000000052, -1.7025000000000048, -15.099999999999962, -10.0
0.0, -1.7040000000000048, -1.8560000000000045, -15.199999999999962, -10.0
0.0, -1.8575000000000044, -2.010500000000004, -15.299999999999962, -10.0
0.0, -2.012000000000004, -2.1660000000000035, -15.399999999999961, -10.0
0.0, -2.167500000000004, -2.322500000000004, -15.499999999999961, -10.0
0.0, -2.324000000000004, -2.4800000000000035, -15.59999999999996, -10.0
0.0, -2.4815000000000036, -2.638500000000003, -15.69999999999996, -10.0
0.0, -2.6400000000000032, -2.7980000000000027, -15.79999999999996, -10.0
0.0, -2.799500000000003, -2.9585000000000026, -15.89999999999996, -10.0
0.0, -2.960000000000003, -3.1200000000000028, -15.99999999999996, -10.0
0.0, -3.121500000000003, -3.2825000000000024, -16.09999999999996, -10.0
0.0, -3.2840000000000025, -3.446000000000002, -16.19999999999996, -10.0
0.0, -3.4475000000000025, -3.6105000000000023, -16.29999999999996, -10.0
0.0, -3.6120000000000023, -3.776000000000002, -16.399999999999963, -10.0
0.0, -3.777500000000002, -3.9425000000000017, -16.499999999999964, -10.0
0.0, -3.9440000000000017, -4.110000000000001, -16.599999999999966, -10.0
0.0, -4.111500000000001, -4.278500000000001, -16.699999999999967, -10.0
0.0, -4.28, -4.4479999999999995, -16.79999999999997, -10.0
0.0, -4.4495, -4.618499999999999, -16.89999999999997, -10.0
0.0, -4.619999999999999, -4.789999999999999, -16.99999999999997, -10.0
0.0, -4.791499999999998, -4.962499999999998, -17.099999999999973, -10.0
0.0, -4.963999999999998, -5.1359999999999975, -17.199999999999974, -10.0
0.0, -5.1374999999999975, -5.3104999999999976, -17.299999999999976, -10.0
0.0, -5.311999999999997, -5.485999999999996, -17.399999999999977, -10.0
0.0, -5.487499999999996, -5.662499999999996, -17.49999999999998, -10.0
0.0, -5.663999999999996, -5.839999999999996, -17.59999999999998, -10.0
0.0, -5.8414999999999955, -6.018499999999995, -17.69999999999998, -10.0
0.0, -6.019999999999995, -6.197999999999995, -17.799999999999983, -10.0
0.0, -6.199499999999995, -6.378499999999995, -17.899999999999984, -10.0
0.0, -6.379999999999995, -6.559999999999994, -17.999999999999986, -10.0
0.0, -6.561499999999994, -6.742499999999994, -18.099999999999987, -10.0
0.0, -6.7439999999999936, -6.925999999999993, -18.19999999999999, -10.0
0.0, -6.927499999999993, -7.110499999999993, -18.29999999999999, -10.0
0.0, -7.111999999999993, -7.295999999999993, -18.39999999999999, -10.0
0.0, -7.297499999999992, -7.482499999999992, -18.499999999999993, -10.0
0.0, -7.483999999999992, -7.669999999999992, -18.599999999999994, -10.0
0.0, -7.671499999999992, -7.858499999999992, -18.699999999999996, -10.0
0.0, -7.859999999999991, -8.047999999999991, -18.799999999999997, -10.0
0.0, -8.049499999999991, -8.238499999999991, -18.9, -10.0
0.0, -8.239999999999991, -8.42999999999999, -19.0, -10.0
0.0, -8.431499999999993, -8.622499999999993, -19.1, -10.0
0.0, -8.623999999999993, -8.815999999999994, -19.200000000000003, -10.0
0.0, -8.75, -9.010499999999993, 19.300000000000004, -10.0
0.0, -8.5585, -8.3665, 19.200000000000003, -10.0
0.0, -8.368, -8.177, 19.1, -10.0
0.0, -8.178500000000001, -7.988500000000001, 19.0, -10.0
0.0, -7.990000000000001, -7.801000000000001, 18.9, -10.0
0.0, -7.802500000000001, -7.614500000000001, 18.799999999999997, -10.0
0.0, -7.6160000000000005, -7.429, 18.699999999999996, -10.0
0.0, -7.4305, -7.2445, 18.599999999999994, -10.0
0.0, -7.246, -7.061000000000001, 18.499999999999993, -10.0
0.0, -7.0625, -6.8785, 18.39999999999999, -10.0
0.0, -6.88, -6.697, 18.29999999999999, -10.0
0.0, -6.6985, -6.516500000000001, 18.19999999999999, -10.0
0.0, -6.518, -6.337, 18.099999999999987, -10.0
0.0, -6.3385, -6.1585, 17.999999999999986, -10.0
0.0, -6.159999999999999, -5.980999999999999, 17.899999999999984, -10.0
0.0, -5.982499999999999, -5.804499999999999, 17.799999999999983, -10.0
0.0, -5.805999999999999, -5.629, 17.69999999999998, -10.0
0.0, -5.630499999999999, -5.454499999999999, 17.59999999999998, -10.0
0.0, -5.455999999999999, -5.280999999999999, 17.49999999999998, -10.0
0.0, -5.282499999999999, -5.108499999999999, 17.399999999999977, -10.0
0.0, -5.1099999999999985, -4.9369999999999985, 17.299999999999976, -10.0
0.0, -4.938499999999999, -4.766499999999999, 17.199999999999974, -10.0
0.0, -4.767999999999999, -4.5969999999999995, 17.099999999999973, -10.0
0.0, -4.598499999999999, -4.428499999999999, 16.99999999999997, -10.0
0.0, -4.429999999999999, -4.260999999999999, 16.89999999999997, -10.0
0.0, -4.262499999999999, -4.0945, 16.79999999999997, -10.0
0.0, -4.095999999999999, -3.9289999999999994, 16.699999999999967, -10.0
0.0, -3.9305, -3.7645000000000004, 16.599999999999966, -10.0
0.0, -3.7660000000000005, -3.601000000000001, 16.499999999999964, -10.0
0.0, -3.602500000000001, -3.4385000000000012, 16.399999999999963, -10.0
0.0, -3.4400000000000013, -3.2770000000000015, 16.29999999999996, -10.0
0.0, -3.278500000000002, -3.1165000000000025, 16.19999999999996, -10.0
0.0, -3.1180000000000025, -2.957000000000003, 16.09999999999996, -10.0
0.0, -2.958500000000003, -2.7985000000000033, 15.99999999999996, -10.0
0.0, -2.800000000000004, -2.6410000000000045, 15.89999999999996, -10.0
0.0, -2.6425000000000045, -2.484500000000005, 15.79999999999996, -10.0
0.0, -2.486000000000005, -2.3290000000000055, 15.69999999999996, -10.0
0.0, -2.3305000000000056, -2.174500000000006, 15.59999999999996, -10.0
0.0, -2.176000000000006, -2.021000000000006, 15.499999999999961, -10.0
0.0, -2.0225000000000066, -1.868500000000007, 15.399999999999961, -10.0
0.0, -1.870000000000007, -1.7170000000000074, 15.299999999999962, -10.0
0.0, -1.7185000000000072, -1.5665000000000076, 15.199999999999962, -10.0
0.0, -1.5680000000000076, -1.417000000000008, 15.099999999999962, -10.0
0.0, -1.4185000000000079, -1.2685000000000082, 14.999999999999963, -10.0
0.0, -1.2700000000000082, -1.1210000000000087, 14.899999999999963, -10.0
0.0, -1.1225000000000085, -0.9745000000000088, 14.799999999999963, -10.0
0.0, -0.9760000000000089, -0.8290000000000093, 14.699999999999964, -10.0
0.0, -0.8305000000000091, -0.6845000000000094, 14.599999999999964, -10.0
0.0, -0.6860000000000094, -0.5410000000000097, 14.499999999999964, -10.0
0.0, -0.5425000000000096, -0.39850000000000996, 14.399999999999965, -10.0
0.0, -0.40000000000000996, -0.25700000000001033, 14.299999999999965, -10.0
0.0, -0.25850000000001033, -0.11650000000001068, 14.199999999999966, -10.0
0.0, -0.11800000000001068, 0.022999999999988974, 14.099999999999966, -10.0
0.0, 0.021499999999988972, 0.16149999999998862, 13.999999999999966, -10.0
0.0, 0.15999999999998865, 0.29899999999998833, 13.899999999999967, -10.0
0.0, 0.29749999999998833, 0.435499999999988, 13.799999999999967, -10.0
0.0, 0.433999999999988, 0.5709999999999877, 13.699999999999967, -10.0
0.0, 0.5694999999999877, 0.7054999999999874, 13.599999999999968, -10.0
0.0, 0.7039999999999874, 0.8389999999999871, 13.499999999999968, -10.0
0.0, 0.8374999999999871, 0.9714999999999868, 13.399999999999968, -10.0
0.0, 0.9699999999999869, 1.1029999999999867, 13.299999999999969, -10.0
0.0, 1.1014999999999866, 1.2334999999999863, 13.199999999999969, -10.0
0.0, 1.2319999999999864, 1.3629999999999862, 13.09999999999997, -10.0
0.0, 1.3614999999999862, 1.4914999999999858, 12.99999999999997, -10.0
0.0, 1.489999999999986, 1.6189999999999858, 12.89999999999997, -10.0
0.0, 1.6174999999999857, 1.7454999999999854, 12.79999999999997, -10.0
0.0, 1.7439999999999856, 1.8709999999999853, 12.69999999999997, -10.0
0.0, 1.8694999999999853, 1.995499999999985, 12.599999999999971, -10.0
0.0, 1.9939999999999851, 2.1189999999999847, 12.499999999999972, -10.0
0.0, 2.1174999999999846, 2.2414999999999843, 12.399999999999972, -10.0
0.0, 2.2399999999999842, 2.362999999999984, 12.299999999999972, -10.0
0.0, 2.361499999999984, 2.483499999999984, 12.199999999999973, -10.0
0.0, 2.4819999999999833, 2.602999999999983, 12.099999999999973, -10.0
0.0, 2.601499999999983, 2.7214999999999825, 11.999999999999973, -10.0
0.0, 2.7199999999999824, 2.838999999999982, 11.899999999999974, -10.0
0.0, 2.837499999999982, 2.955499999999982, 11.799999999999974, -10.0
0.0, 2.9539999999999815, 3.070999999999981, 11.699999999999974, -10.0
0.0, 3.069499999999981, 3.1854999999999807, 11.599999999999975, -10.0
0.0, 3.1839999999999806, 3.2989999999999804, 11.499999999999975, -10.0
0.0, 3.2974999999999803, 3.41149999999998, 11.399999999999975, -10.0
0.0, 3.40999999999998, 3.52299999999998, 11.299999999999976, -10.0
0.0, 3.5214999999999796, 3.6334999999999793, 11.199999999999976, -10.0
0.0, 3.6319999999999792, 3.742999999999979, 11.099999999999977, -10.0
0.0, 3.741499999999979, 3.851499999999979, 10.999999999999977, -10.0
0.0, 3.8499999999999788, 3.9589999999999788, 10.899999999999977, -10.0
0.0, 3.9574999999999783, 4.065499999999978, 10.799999999999978, -10.0
0.0, 4.063999999999979, 4.170999999999979, 10.699999999999978, -10.0
0.0, 4.169499999999979, 4.275499999999979, 10.599999999999978, -10.0
0.0, 4.273999999999979, 4.378999999999978, 10.499999999999979, -10.0
0.0, 4.377499999999979, 4.481499999999979, 10.399999999999979, -10.0
0.0, 4.479999999999979, 4.582999999999979, 10.29999999999998, -10.0
0.0, 4.581499999999979, 4.683499999999978, 10.19999999999998, -10.0
0.0, 4.681999999999979, 4.782999999999979, 10.09999999999998, -10.0
0.0, 4.781499999999979, 4.881499999999979, 9.99999999999998, -10.0
0.0, 4.8799999999999795, 4.97899999999998, 9.89999999999998, -10.0
0.0, 4.97749999999998, 5.0754999999999795, 9.799999999999981, -10.0
0.0, 5.073999999999979, 5.170999999999979, 9.699999999999982, -10.0
0.0, 5.16949999999998, 5.26549999999998, 9.599999999999982, -10.0
0.0, 5.26399999999998, 5.35899999999998, 9.499999999999982, -10.0
0.0, 5.3574999999999795, 5.451499999999979, 9.399999999999983, -10.0
0.0, 5.44999999999998, 5.54299999999998, 9.299999999999983, -10.0
0.0, 5.54149999999998, 5.633499999999979, 9.199999999999983, -10.0
0.0, 5.63199999999998, 5.72299999999998, 9.099999999999984, -10.0
0.0, 5.72149999999998, 5.81149999999998, 8.999999999999984, -10.0
0.0, 5.80999999999998, 5.89899999999998, 8.899999999999984, -10.0
0.0, 5.89749999999998, 5.9854999999999805, 8.799999999999985, -10.0
0.0, 5.9839999999999804, 6.07099999999998, 8.699999999999985, -10.0
0.0, 6.069499999999981, 6.15549999999998, 8.599999999999985, -10.0
0.0, 6.153999999999981, 6.238999999999981, 8.499999999999986, -10.0
0.0, 6.237499999999981, 6.321499999999981, 8.399999999999986, -10.0
0.0, 6.319999999999982, 6.402999999999982, 8.299999999999986, -10.0
0.0, 6.401499999999982, 6.483499999999982, 8.199999999999987, -10.0
0.0, 6.4819999999999816, 6.562999999999981, 8.099999999999987, -10.0
0.0, 6.561499999999982, 6.641499999999982, 7.999999999999988, -10.0
0.0, 6.639999999999982, 6.718999999999982, 7.899999999999988, -10.0
0.0, 6.7174999999999825, 6.795499999999983, 7.799999999999988, -10.0
0.0, 6.793999999999983, 6.870999999999983, 7.699999999999989, -10.0
0.0, 6.869499999999983, 6.945499999999982, 7.599999999999989, -10.0
0.0, 6.943999999999983, 7.018999999999983, 7.499999999999989, -10.0
0.0, 7.017499999999983, 7.091499999999983, 7.39999999999999, -10.0
0.0, 7.089999999999983, 7.1629999999999825, 7.29999999999999, -10.0
0.0, 7.161499999999983, 7.233499999999983, 7.19999999999999, -10.0
0.0, 7.231999999999983, 7.302999999999983, 7.099999999999991, -10.0
0.0, 7.301499999999984, 7.371499999999984, 6.999999999999991, -10.0
0.0, 7.369999999999984, 7.438999999999984, 6.8999999999999915, -10.0
0.0, 7.437499999999984, 7.505499999999984, 6.799999999999992, -10.0
0.0, 7.5039999999999845, 7.570999999999985, 6.699999999999992, -10.0
0.0, 7.569499999999985, 7.635499999999984, 6.5999999999999925, -10.0
0.0, 7.633999999999984, 7.698999999999984, 6.499999999999993, -10.0
0.0, 7.697499999999985, 7.761499999999985, 6.399999999999993, -10.0
0.0, 7.759999999999985, 7.822999999999984, 6.299999999999994, -10.0
0.0, 7.821499999999985, 7.8834999999999855, 6.199999999999994, -10.0
0.0, 7.8819999999999855, 7.942999999999985, 6.099999999999994, -10.0
0.0, 7.941499999999985, 8.001499999999986, 5.999999999999995, -10.0
0.0, 7.999999999999985, 8.058999999999985, 5.899999999999995, -10.0
0.0, 8.057499999999985, 8.115499999999985, 5.799999999999995, -10.0
0.0, 8.113999999999985, 8.170999999999985, 5.699999999999996, -10.0
0.0, 8.169499999999983, 8.225499999999982, 5.599999999999996, -10.0
0.0, 8.223999999999982, 8.278999999999982, 5.4999999999999964, -10.0
0.0, 8.277499999999982, 8.331499999999982, 5.399999999999997, -10.0
0.0, 8.329999999999982, 8.382999999999983, 5.299999999999997, -10.0
0.0, 8.381499999999981, 8.433499999999981, 5.1999999999999975, -10.0
0.0, 8.43199999999998, 8.482999999999981, 5.099999999999998, -10.0
0.0, 8.481499999999981, 8.531499999999982, 4.999999999999998, -10.0
0.0, 8.52999999999998, 8.57899999999998, 4.899999999999999, -10.0
0.0, 8.57749999999998, 8.62549999999998, 4.799999999999999, -10.0
0.0, 8.62399999999998, 8.67099999999998, 4.699999999999999, -10.0
0.0, 8.669499999999978, 8.715499999999977, 4.6, -10.0
0.0, 8.713999999999977, 8.758999999999977, 4.5, -10.0
0.0, 8.757499999999977, 8.801499999999978, 4.4, -10.0
0.0, 8.799999999999976, 8.842999999999975, 4.300000000000001, -10.0
0.0, 8.841499999999975, 8.883499999999975, 4.200000000000001, -10.0
0.0, 8.881999999999975, 8.922999999999975, 4.100000000000001, -10.0
0.0, 8.921499999999973, 8.961499999999972, 4.000000000000002, -10.0
0.0, 8.959999999999972, 8.998999999999972, 3.9000000000000017, -10.0
0.0, 8.997499999999972, 9.035499999999972, 3.8000000000000016, -10.0
0.0, 9.033999999999972, 9.070999999999973, 3.7000000000000015, -10.0
0.0, 9.069499999999971, 9.10549999999997, 3.6000000000000014, -10.0
0.0, 9.10399999999997, 9.138999999999971, 3.5000000000000013, -10.0
0.0, 9.13749999999997, 9.171499999999972, 3.4000000000000012, -10.0
0.0, 9.16999999999997, 9.20299999999997, 3.300000000000001, -10.0
0.0, 9.20149999999997, 9.23349999999997, 3.200000000000001, -10.0
0.0, 9.23199999999997, 9.26299999999997, 3.100000000000001, -10.0
0.0, 9.261499999999968, 9.291499999999967, 3.000000000000001, -10.0
0.0, 9.289999999999967, 9.318999999999967, 2.900000000000001, -10.0
0.0, 9.317499999999967, 9.345499999999967, 2.8000000000000007, -10.0
0.0, 9.343999999999966, 9.370999999999965, 2.7000000000000006, -10.0
0.0, 9.369499999999965, 9.395499999999965, 2.6000000000000005, -10.0
0.0, 9.393999999999965, 9.418999999999965, 2.5000000000000004, -10.0
0.0, 9.417499999999963, 9.441499999999962, 2.4000000000000004, -10.0
0.0, 9.439999999999962, 9.462999999999962, 2.3000000000000003, -10.0
0.0, 9.461499999999962, 9.483499999999962, 2.2, -10.0
0.0, 9.481999999999962, 9.502999999999963, 2.1, -10.0
0.0, 9.501499999999961, 9.52149999999996, 2.0, -10.0
0.0, 9.51999999999996, 9.53899999999996, 1.9, -10.0
0.0, 9.53749999999996, 9.555499999999961, 1.7999999999999998, -10.0
0.0, 9.55399999999996, 9.570999999999959, 1.6999999999999997, -10.0
0.0, 9.569499999999959, 9.585499999999959, 1.5999999999999996, -10.0
0.0, 9.583999999999959, 9.59899999999996, 1.4999999999999996, -10.0
0.0, 9.597499999999958, 9.611499999999957, 1.3999999999999995, -10.0
0.0, 9.609999999999957, 9.622999999999957, 1.2999999999999994, -10.0
0.0, 9.621499999999957, 9.633499999999957, 1.1999999999999993, -10.0
0.0, 9.631999999999955, 9.642999999999954, 1.0999999999999992, -10.0
0.0, 9.641499999999954, 9.651499999999954, 0.9999999999999992, -10.0
0.0, 9.649999999999954, 9.658999999999955, 0.8999999999999992, -10.0
0.0, 9.657499999999953, 9.665499999999952, 0.7999999999999993, -10.0
0.0, 9.663999999999952, 9.670999999999951, 0.6999999999999993, -10.0
0.0, 9.669499999999951, 9.675499999999952, 0.5999999999999993, -10.0
0.0, 9.673999999999952, 9.678999999999952, 0.49999999999999933, -10.0
0.0, 9.67749999999995, 9.68149999999995, 0.39999999999999936, -10.0
0.0, 9.67999999999995, 9.68299999999995, 0.2999999999999994, -10.0
0.0, 9.68149999999995, 9.68349999999995, 0.19999999999999937, -10.0
0.0, 9.681999999999949, 9.682999999999948, 0.09999999999999937, -10.0
0.0, 9.681499999999948, 9.681499999999948, -6.38378239159465e-16, -10.0
0.0, 9.679999999999948, 9.678999999999949, -0.10000000000000064, -10.0
0.0, 9.677499999999947, 9.675499999999946, -0.20000000000000065, -10.0
0.0, 9.673999999999946, 9.670999999999946, -0.30000000000000066, -10.0
0.0, 9.669499999999946, 9.665499999999946, -0.4000000000000007, -10.0
0.0, 9.663999999999945, 9.658999999999944, -0.5000000000000007, -10.0
0.0, 9.657499999999944, 9.651499999999944, -0.6000000000000006, -10.0
0.0, 9.649999999999944, 9.642999999999944, -0.7000000000000006, -10.0
0.0, 9.641499999999944, 9.633499999999945, -0.8000000000000006, -10.0
0.0, 9.631999999999943, 9.622999999999942, -0.9000000000000006, -10.0
0.0, 9.621499999999942, 9.611499999999943, -1.0000000000000007, -10.0
0.0, 9.609999999999943, 9.598999999999943, -1.1000000000000008, -10.0
0.0, 9.597499999999942, 9.585499999999941, -1.2000000000000008, -10.0
0.0, 9.583999999999941, 9.570999999999941, -1.300000000000001, -10.0
0.0, 9.569499999999941, 9.555499999999942, -1.400000000000001, -10.0
0.0, 9.55399999999994, 9.53899999999994, -1.500000000000001, -10.0
0.0, 9.53749999999994, 9.52149999999994, -1.6000000000000012, -10.0
0.0, 9.51999999999994, 9.50299999999994, -1.7000000000000013, -10.0
0.0, 9.501499999999938, 9.483499999999937, -1.8000000000000014, -10.0
0.0, 9.481999999999937, 9.462999999999937, -1.9000000000000015, -10.0
0.0, 9.461499999999937, 9.441499999999937, -2.0000000000000013, -10.0
0.0, 9.439999999999936, 9.418999999999935, -2.1000000000000014, -10.0
0.0, 9.417499999999935, 9.395499999999934, -2.2000000000000015, -10.0
0.0, 9.393999999999934, 9.370999999999935, -2.3000000000000016, -10.0
0.0, 9.369499999999935, 9.345499999999936, -2.4000000000000017, -10.0
0.0, 9.343999999999934, 9.318999999999933, -2.5000000000000018, -10.0
0.0, 9.317499999999933, 9.291499999999933, -2.600000000000002, -10.0
0.0, 9.289999999999933, 9.262999999999934, -2.700000000000002, -10.0
0.0, 9.261499999999932, 9.233499999999932, -2.800000000000002, -10.0
0.0, 9.231999999999932, 9.202999999999932, -2.900000000000002, -10.0
0.0, 9.201499999999932, 9.171499999999932, -3.000000000000002, -10.0
0.0, 9.16999999999993, 9.13899999999993, -3.1000000000000023, -10.0
0.0, 9.13749999999993, 9.10549999999993, -3.2000000000000024, -10.0
0.0, 9.10399999999993, 9.07099999999993, -3.3000000000000025, -10.0
0.0, 9.069499999999929, 9.035499999999928, -3.4000000000000026, -10.0
0.0, 9.033999999999928, 8.998999999999928, -3.5000000000000027, -10.0
0.0, 8.997499999999928, 8.961499999999928, -3.6000000000000028, -10.0
0.0, 8.959999999999926, 8.922999999999925, -3.700000000000003, -10.0
0.0, 8.921499999999925, 8.883499999999925, -3.800000000000003, -10.0
0.0, 8.881999999999925, 8.842999999999925, -3.900000000000003, -10.0
0.0, 8.841499999999925, 8.801499999999926, -4.000000000000003, -10.0
0.0, 8.799999999999924, 8.758999999999924, -4.100000000000002, -10.0
0.0, 8.757499999999924, 8.715499999999924, -4.200000000000002, -10.0
0.0, 8.713999999999924, 8.670999999999925, -4.300000000000002, -10.0
0.0, 8.669499999999923, 8.625499999999922, -4.400000000000001, -10.0
0.0, 8.623999999999922, 8.578999999999922, -4.500000000000001, -10.0
0.0, 8.577499999999922, 8.531499999999923, -4.6000000000000005, -10.0
0.0, 8.529999999999921, 8.48299999999992, -4.7, -10.0
0.0, 8.48149999999992, 8.43349999999992, -4.8, -10.0
0.0, 8.43199999999992, 8.382999999999921, -4.8999999999999995, -10.0
0.0, 8.38149999999992, 8.331499999999918, -4.999999999999999, -10.0
0.0, 8.329999999999918, 8.278999999999918, -5.099999999999999, -10.0
0.0, 8.277499999999918, 8.225499999999919, -5.199999999999998, -10.0
0.0, 8.223999999999917, 8.170999999999916, -5.299999999999998, -10.0
0.0, 8.169499999999916, 8.115499999999916, -5.399999999999998, -10.0
0.0, 8.113999999999916, 8.058999999999916, -5.499999999999997, -10.0
0.0, 8.057499999999916, 8.001499999999917, -5.599999999999997, -10.0
0.0, 7.999999999999916, 7.942999999999915, -5.699999999999997, -10.0
0.0, 7.941499999999916, 7.883499999999916, -5.799999999999996, -10.0
0.0, 7.881999999999916, 7.822999999999916, -5.899999999999996, -10.0
0.0, 7.821499999999917, 7.761499999999917, -5.999999999999996, -10.0
0.0, 7.759999999999917, 7.698999999999917, -6.099999999999995, -10.0
0.0, 7.697499999999917, 7.635499999999917, -6.199999999999995, -10.0
0.0, 7.633999999999918, 7.570999999999918, -6.2999999999999945, -10.0
0.0, 7.569499999999918, 7.505499999999918, -6.399999999999994, -10.0
0.0, 7.503999999999919, 7.438999999999919, -6.499999999999994, -10.0
0.0, 7.437499999999919, 7.371499999999919, -6.599999999999993, -10.0
0.0, 7.369999999999919, 7.302999999999919, -6.699999999999993, -10.0
0.0, 7.30149999999992, 7.23349999999992, -6.799999999999993, -10.0
0.0, 7.23199999999992, 7.16299999999992, -6.899999999999992, -10.0
0.0, 7.16149999999992, 7.09149999999992, -6.999999999999992, -10.0
0.0, 7.089999999999921, 7.018999999999921, -7.099999999999992, -10.0
0.0, 7.017499999999921, 6.945499999999921, -7.199999999999991, -10.0
0.0, 6.943999999999922, 6.870999999999922, -7.299999999999991, -10.0
0.0, 6.869499999999922, 6.795499999999922, -7.399999999999991, -10.0
0.0, 6.793999999999922, 6.718999999999922, -7.49999999999999, -10.0
0.0, 6.717499999999923, 6.641499999999923, -7.59999999999999, -10.0
0.0, 6.639999999999923, 6.562999999999923, -7.6999999999999895, -10.0
0.0, 6.561499999999923, 6.483499999999923, -7.799999999999989, -10.0
0.0, 6.481999999999924, 6.402999999999924, -7.899999999999989, -10.0
0.0, 6.401499999999924, 6.321499999999924, -7.9999999999999885, -10.0
0.0, 6.319999999999925, 6.238999999999925, -8.099999999999989, -10.0
0.0, 6.237499999999925, 6.155499999999925, -8.199999999999989, -10.0
0.0, 6.153999999999925, 6.070999999999925, -8.299999999999988, -10.0
0.0, 6.069499999999926, 5.985499999999926, -8.399999999999988, -10.0
0.0, 5.983999999999926, 5.898999999999926, -8.499999999999988, -10.0
0.0, 5.897499999999926, 5.811499999999926, -8.599999999999987, -10.0
0.0, 5.809999999999927, 5.722999999999927, -8.699999999999987, -10.0
0.0, 5.721499999999927, 5.633499999999927, -8.799999999999986, -10.0
0.0, 5.631999999999928, 5.542999999999928, -8.899999999999986, -10.0
0.0, 5.541499999999928, 5.451499999999928, -8.999999999999986, -10.0
0.0, 5.449999999999928, 5.358999999999928, -9.099999999999985, -10.0
0.0, 5.357499999999929, 5.265499999999929, -9.199999999999985, -10.0
0.0, 5.263999999999929, 5.170999999999929, -9.299999999999985, -10.0
0.0, 5.16949999999993, 5.075499999999931, -9.399999999999984, -10.0
0.0, 5.073999999999931, 4.978999999999931, -9.499999999999984, -10.0
0.0, 4.977499999999931, 4.881499999999931, -9.599999999999984, -10.0
0.0, 4.8799999999999315, 4.782999999999932, -9.699999999999983, -10.0
0.0, 4.781499999999932, 4.683499999999932, -9.799999999999983, -10.0
0.0, 4.681999999999932, 4.582999999999932, -9.899999999999983, -10.0
0.0, 4.581499999999933, 4.481499999999933, -9.999999999999982, -10.0
0.0, 4.479999999999933, 4.378999999999933, -10.099999999999982, -10.0
0.0, 4.377499999999934, 4.275499999999934, -10.199999999999982, -10.0
0.0, 4.273999999999934, 4.1709999999999345, -10.299999999999981, -10.0
0.0, 4.1694999999999345, 4.065499999999934, -10.39999999999998, -10.0
0.0, 4.063999999999935, 3.9589999999999352, -10.49999999999998, -10.0
0.0, 3.957499999999935, 3.8514999999999353, -10.59999999999998, -10.0
0.0, 3.8499999999999353, 3.7429999999999355, -10.69999999999998, -10.0
0.0, 3.7414999999999354, 3.633499999999936, -10.79999999999998, -10.0
0.0, 3.6319999999999353, 3.5229999999999353, -10.899999999999979, -10.0
0.0, 3.5214999999999352, 3.4114999999999354, -10.999999999999979, -10.0
0.0, 3.4099999999999353, 3.2989999999999355, -11.099999999999978, -10.0
0.0, 3.2974999999999355, 3.185499999999936, -11.199999999999978, -10.0
0.0, 3.1839999999999353, 3.0709999999999353, -11.299999999999978, -10.0
0.0, 3.0694999999999353, 2.9554999999999354, -11.399999999999977, -10.0
0.0, 2.9539999999999353, 2.8389999999999356, -11.499999999999977, -10.0
0.0, 2.8374999999999355, 2.721499999999936, -11.599999999999977, -10.0
0.0, 2.7199999999999354, 2.602999999999936, -11.699999999999976, -10.0
0.0, 2.6014999999999353, 2.4834999999999354, -11.799999999999976, -10.0
0.0, 2.4819999999999354, 2.3629999999999356, -11.899999999999975, -10.0
0.0, 2.3614999999999355, 2.241499999999936, -11.999999999999975, -10.0
0.0, 2.239999999999936, 2.1189999999999363, -12.099999999999975, -10.0
0.0, 2.1174999999999358, 1.995499999999936, -12.199999999999974, -10.0
0.0, 1.993999999999936, 1.8709999999999363, -12.299999999999974, -10.0
0.0, 1.8694999999999364, 1.7454999999999368, -12.399999999999974, -10.0
0.0, 1.7439999999999367, 1.618999999999937, -12.499999999999973, -10.0
0.0, 1.617499999999937, 1.4914999999999374, -12.599999999999973, -10.0
0.0, 1.4899999999999374, 1.3629999999999376, -12.699999999999973, -10.0
0.0, 1.3614999999999378, 1.233499999999938, -12.799999999999972, -10.0
0.0, 1.231999999999938, 1.1029999999999383, -12.899999999999972, -10.0
0.0, 1.1014999999999384, 0.9714999999999387, -12.999999999999972, -10.0
0.0, 0.9699999999999387, 0.8389999999999389, -13.099999999999971, -10.0
0.0, 0.8374999999999391, 0.7054999999999394, -13.19999999999997, -10.0
0.0, 0.7039999999999395, 0.5709999999999398, -13.29999999999997, -10.0
0.0, 0.5694999999999398, 0.43549999999994016, -13.39999999999997, -10.0
0.0, 0.43399999999994016, 0.2989999999999404, -13.49999999999997, -10.0
0.0, 0.2974999999999404, 0.16149999999994072, -13.59999999999997, -10.0
0.0, 0.15999999999994072, 0.022999999999941012, -13.699999999999969, -10.0
0.0, 0.02149999999994104, -0.11650000000005864, -13.799999999999969, -10.0
0.0, -0.11800000000005864, -0.2570000000000583, -13.899999999999968, -10.0
0.0, -0.2585000000000583, -0.398500000000058, -13.999999999999968, -10.0
0.0, -0.400000000000058, -0.5410000000000577, -14.099999999999968, -10.0
0.0, -0.5425000000000576, -0.6845000000000573, -14.199999999999967, -10.0
0.0, -0.6860000000000572, -0.8290000000000569, -14.299999999999967, -10.0
0.0, -0.8305000000000569, -0.9745000000000565, -14.399999999999967, -10.0
0.0, -0.9760000000000565, -1.1210000000000562, -14.499999999999966, -10.0
0.0, -1.122500000000056, -1.2685000000000557, -14.599999999999966, -10.0
0.0, -1.2700000000000555, -1.417000000000055, -14.699999999999966, -10.0
0.0, -1.4185000000000552, -1.5665000000000548, -14.799999999999965, -10.0
0.0, -1.5680000000000547, -1.7170000000000543, -14.899999999999965, -10.0
0.0, -1.7185000000000543, -1.868500000000054, -14.999999999999964, -10.0
0.0, -1.8700000000000538, -2.0210000000000536, -15.099999999999964, -10.0
0.0, -2.0225000000000537, -2.1745000000000534, -15.199999999999964, -10.0
0.0, -2.1760000000000534, -2.329000000000053, -15.299999999999963, -10.0
0.0, -2.330500000000053, -2.4845000000000526, -15.399999999999963, -10.0
0.0, -2.486000000000053, -2.641000000000053, -15.499999999999963, -10.0
0.0, -2.642500000000053, -2.7985000000000526, -15.599999999999962, -10.0
0.0, -2.8000000000000527, -2.9570000000000523, -15.699999999999962, -10.0
0.0, -2.9585000000000523, -3.116500000000052, -15.799999999999962, -10.0
0.0, -3.1180000000000523, -3.277000000000052, -15.899999999999961, -10.0
0.0, -3.278500000000052, -3.438500000000052, -15.999999999999961, -10.0
0.0, -3.440000000000052, -3.6010000000000515, -16.099999999999962, -10.0
0.0, -3.6025000000000515, -3.764500000000051, -16.199999999999964, -10.0
0.0, -3.7660000000000515, -3.9290000000000513, -16.299999999999965, -10.0
0.0, -3.9305000000000514, -4.094500000000051, -16.399999999999967, -10.0
0.0, -4.096000000000051, -4.261000000000051, -16.499999999999968, -10.0
0.0, -4.26250000000005, -4.428500000000049, -16.59999999999997, -10.0
0.0, -4.4300000000000495, -4.597000000000049, -16.69999999999997, -10.0
0.0, -4.598500000000049, -4.7665000000000495, -16.799999999999972, -10.0
0.0, -4.768000000000049, -4.937000000000048, -16.899999999999974, -10.0
0.0, -4.938500000000048, -5.108500000000048, -16.999999999999975, -10.0
0.0, -5.110000000000047, -5.281000000000047, -17.099999999999977, -10.0
0.0, -5.282500000000047, -5.4545000000000465, -17.199999999999978, -10.0
0.0, -5.456000000000047, -5.629000000000047, -17.29999999999998, -10.0
0.0, -5.630500000000046, -5.804500000000045, -17.39999999999998, -10.0
0.0, -5.806000000000045, -5.981000000000045, -17.499999999999982, -10.0
0.0, -5.982500000000045, -6.158500000000045, -17.599999999999984, -10.0
0.0, -6.1600000000000446, -6.337000000000044, -17.699999999999985, -10.0
0.0, -6.338500000000044, -6.516500000000044, -17.799999999999986, -10.0
0.0, -6.518000000000044, -6.6970000000000445, -17.899999999999988, -10.0
0.0, -6.698500000000044, -6.878500000000043, -17.99999999999999, -10.0
0.0, -6.880000000000043, -7.0610000000000435, -18.09999999999999, -10.0
0.0, -7.062500000000043, -7.244500000000042, -18.199999999999992, -10.0
0.0, -7.246000000000042, -7.429000000000042, -18.299999999999994, -10.0
0.0, -7.430500000000042, -7.614500000000042, -18.399999999999995, -10.0
0.0, -7.616000000000041, -7.801000000000041, -18.499999999999996, -10.0
0.0, -7.802500000000041, -7.988500000000041, -18.599999999999998, -10.0
0.0, -7.990000000000041, -8.17700000000004, -18.7, -10.0
0.0, -8.178500000000042, -8.366500000000043, -18.8, -10.0
0.0, -8.368000000000043, -8.557000000000043, -18.900000000000002, -10.0
0.0, -8.558500000000043, -8.748500000000043, -19.000000000000004, -10.0
0.0, -8.75, -8.941000000000045, 19.100000000000005, -10.0
0.0, -8.560500000000001, -8.370500000000002, 19.000000000000004, -10.0
0.0, -8.372000000000002, -8.183000000000002, 18.900000000000002, -10.0
0.0, -8.184500000000002, -7.996500000000002, 18.8, -10.0
0.0, -7.998000000000001, -7.811000000000001, 18.7, -10.0
0.0, -7.812500000000001, -7.626500000000001, 18.599999999999998, -10.0
0.0, -7.628000000000001, -7.443000000000001, 18.499999999999996, -10.0
0.0, -7.444500000000001, -7.2605, 18.399999999999995, -10.0
0.0, -7.2620000000000005, -7.079000000000001, 18.299999999999994, -10.0
0.0, -7.080500000000001, -6.898500000000001, 18.199999999999992, -10.0
0.0, -6.9, -6.719, 18.09999999999999, -10.0
0.0, -6.7205, -6.540500000000001, 17.99999999999999, -10.0
0.0, -6.542, -6.3629999999999995, 17.899999999999988, -10.0
0.0, -6.3645, -6.1865, 17.799999999999986, -10.0
0.0, -6.188, -6.011, 17.699999999999985, -10.0
0.0, -6.012499999999999, -5.836499999999999, 17.599999999999984, -10.0
0.0, -5.837999999999999, -5.662999999999999, 17.499999999999982, -10.0
0.0, -5.664499999999999, -5.4905, 17.39999999999998, -10.0
0.0, -5.491999999999999, -5.318999999999999, 17.29999999999998, -10.0
0.0, -5.320499999999999, -5.148499999999999, 17.199999999999978, -10.0
0.0, -5.1499999999999995, -4.979, 17.099999999999977, -10.0
0.0, -4.980499999999999, -4.810499999999999, 16.999999999999975, -10.0
0.0, -4.811999999999999, -4.643, 16.899999999999974, -10.0
0.0, -4.644499999999999, -4.476499999999999, 16.799999999999972, -10.0
0.0, -4.477999999999999, -4.310999999999999, 16.69999999999997, -10.0
0.0, -4.312499999999999, -4.1465, 16.59999999999997, -10.0
0.0, -4.147999999999999, -3.982999999999999, 16.499999999999968, -10.0
0.0, -3.9844999999999993, -3.8204999999999996, 16.399999999999967, -10.0
0.0, -3.8219999999999996, -3.659, 16.299999999999965, -10.0
0.0, -3.6605000000000003, -3.498500000000001, 16.199999999999964, -10.0
0.0, -3.500000000000001, -3.3390000000000013, 16.099999999999962, -10.0
0.0, -3.3405000000000014, -3.1805000000000017, 15.999999999999963, -10.0
0.0, -3.1820000000000017, -3.023000000000002, 15.899999999999963, -10.0
0.0, -3.0245000000000024, -2.866500000000003, 15.799999999999963, -10.0
0.0, -2.868000000000003, -2.7110000000000034, 15.699999999999964, -10.0
0.0, -2.7125000000000035, -2.5565000000000038, 15.599999999999964, -10.0
0.0, -2.558000000000004, -2.403000000000004, 15.499999999999964, -10.0
0.0, -2.4045000000000045, -2.250500000000005, 15.399999999999965, -10.0
0.0, -2.252000000000005, -2.0990000000000055, 15.299999999999965, -10.0
0.0, -2.1005000000000056, -1.948500000000006, 15.199999999999966, -10.0
0.0, -1.950000000000006, -1.7990000000000064, 15.099999999999966, -10.0
0.0, -1.8005000000000062, -1.6505000000000065, 14.999999999999966, -10.0
0.0, -1.6520000000000066, -1.503000000000007, 14.899999999999967, -10.0
0.0, -1.5045000000000068, -1.3565000000000071, 14.799999999999967, -10.0
0.0, -1.358000000000007, -1.2110000000000074, 14.699999999999967, -10.0
0.0, -1.2125000000000072, -1.0665000000000076, 14.599999999999968, -10.0
0.0, -1.0680000000000074, -0.9230000000000077, 14.499999999999968, -10.0
0.0, -0.9245000000000076, -0.780500000000008, 14.399999999999968, -10.0
0.0, -0.7820000000000079, -0.6390000000000082, 14.299999999999969, -10.0
0.0, -0.6405000000000082, -0.4985000000000085, 14.199999999999969, -10.0
0.0, -0.5000000000000084, -0.35900000000000876, 14.09999999999997, -10.0
0.0, -0.36050000000000876, -0.22050000000000905, 13.99999999999997, -10.0
0.0, -0.22200000000000905, -0.08300000000000934, 13.89999999999997, -10.0
0.0, -0.08450000000000935, 0.05349999999999036, 13.79999999999997, -10.0
0.0, 0.05199999999999036, 0.18899999999999006, 13.69999999999997, -10.0
0.0, 0.18749999999999006, 0.3234999999999898, 13.599999999999971, -10.0
0.0, 0.3219999999999898, 0.4569999999999895, 13.499999999999972, -10.0
0.0, 0.4554999999999895, 0.5894999999999893, 13.399999999999972, -10.0
0.0, 0.5879999999999893, 0.720999999999989, 13.299999999999972, -10.0
0.0, 0.7194999999999891, 0.8514999999999888, 13.199999999999973, -10.0
0.0, 0.849999999999989, 0.9809999999999888, 13.099999999999973, -10.0
0.0, 0.9794999999999887, 1.1094999999999884, 12.999999999999973, -10.0
0.0, 1.1079999999999885, 1.2369999999999883, 12.899999999999974, -10.0
0.0, 1.2354999999999883, 1.363499999999988, 12.799999999999974, -10.0
0.0, 1.361999999999988, 1.4889999999999879, 12.699999999999974, -10.0
0.0, 1.4874999999999878, 1.6134999999999875, 12.599999999999975, -10.0
0.0, 1.6119999999999877, 1.7369999999999874, 12.499999999999975, -10.0
0.0, 1.7354999999999874, 1.859499999999987, 12.399999999999975, -10.0
0.0, 1.8579999999999872, 1.980999999999987, 12.299999999999976, -10.0
0.0, 1.979499999999987, 2.101499999999987, 12.199999999999976, -10.0
0.0, 2.0999999999999868, 2.2209999999999868, 12.099999999999977, -10.0
0.0, 2.2194999999999863, 2.339499999999986, 11.999999999999977, -10.0
0.0, 2.337999999999986, 2.4569999999999856, 11.899999999999977, -10.0
0.0, 2.4554999999999856, 2.5734999999999855, 11.799999999999978, -10.0
0.0, 2.5719999999999854, 2.6889999999999854, 11.699999999999978, -10.0
0.0, 2.687499999999985, 2.8034999999999846, 11.599999999999978, -10.0
0.0, 2.8019999999999845, 2.9169999999999843, 11.499999999999979, -10.0
0.0, 2.915499999999984, 3.029499999999984, 11.399999999999979, -10.0
0.0, 3.027999999999984, 3.140999999999984, 11.29999999999998, -10.0
0.0, 3.1394999999999835, 3.251499999999983, 11.19999999999998, -10.0
0.0, 3.249999999999983, 3.360999999999983, 11.09999999999998, -10.0
0.0, 3.359499999999983, 3.4694999999999827, 10.99999999999998, -10.0
0.0, 3.4679999999999827, 3.5769999999999826, 10.89999999999998, -10.0
0.0, 3.575499999999982, 3.683499999999982, 10.799999999999981, -10.0
0.0, 3.6819999999999817, 3.7889999999999815, 10.699999999999982, -10.0
0.0, 3.7874999999999814, 3.8934999999999813, 10.599999999999982, -10.0
0.0, 3.8919999999999813, 3.9969999999999812, 10.499999999999982, -10.0
0.0, 3.9954999999999807, 4.09949999999998, 10.399999999999983, -10.0
0.0, 4.097999999999981, 4.200999999999981, 10.299999999999983, -10.0
0.0, 4.199499999999981, 4.30149999999998, 10.199999999999983, -10.0
0.0, 4.299999999999981, 4.400999999999981, 10.099999999999984, -10.0
0.0, 4.399499999999981, 4.499499999999981, 9.999999999999984, -10.0
0.0, 4.497999999999982, 4.596999999999982, 9.899999999999984, -10.0
0.0, 4.595499999999982, 4.693499999999982, 9.799999999999985, -10.0
0.0, 4.6919999999999815, 4.788999999999981, 9.699999999999985, -10.0
0.0, 4.787499999999982, 4.883499999999982, 9.599999999999985, -10.0
0.0, 4.881999999999982, 4.976999999999982, 9.499999999999986, -10.0
0.0, 4.975499999999982, 5.069499999999982, 9.399999999999986, -10.0
0.0, 5.067999999999982, 5.160999999999982, 9.299999999999986, -10.0
0.0, 5.159499999999982, 5.251499999999981, 9.199999999999987, -10.0
0.0, 5.249999999999982, 5.340999999999982, 9.099999999999987, -10.0
0.0, 5.339499999999982, 5.429499999999982, 8.999999999999988, -10.0
0.0, 5.427999999999982, 5.516999999999982, 8.899999999999988, -10.0
0.0, 5.5154999999999825, 5.603499999999983, 8.799999999999988, -10.0
0.0, 5.6019999999999825, 5.688999999999982, 8.699999999999989, -10.0
0.0, 5.687499999999983, 5.773499999999983, 8.599999999999989, -10.0
0.0, 5.771999999999983, 5.856999999999983, 8.49999999999999, -10.0
0.0, 5.855499999999983, 5.939499999999983, 8.39999999999999, -10.0
0.0, 5.937999999999984, 6.020999999999984, 8.29999999999999, -10.0
0.0, 6.019499999999984, 6.101499999999984, 8.19999999999999, -10.0
0.0, 6.099999999999984, 6.180999999999983, 8.09999999999999, -10.0
0.0, 6.179499999999984, 6.259499999999984, 7.999999999999991, -10.0
0.0, 6.257999999999984, 6.336999999999984, 7.8999999999999915, -10.0
0.0, 6.335499999999985, 6.413499999999985, 7.799999999999992, -10.0
0.0, 6.411999999999985, 6.488999999999985, 7.699999999999992, -10.0
0.0, 6.487499999999985, 6.563499999999984, 7.5999999999999925, -10.0
0.0, 6.561999999999985, 6.636999999999985, 7.499999999999993, -10.0
0.0, 6.635499999999985, 6.709499999999985, 7.399999999999993, -10.0
0.0, 6.707999999999985, 6.780999999999985, 7.299999999999994, -10.0
0.0, 6.779499999999985, 6.8514999999999855, 7.199999999999994, -10.0
0.0, 6.849999999999985, 6.920999999999985, 7.099999999999994, -10.0
0.0, 6.919499999999986, 6.989499999999986, 6.999999999999995, -10.0
0.0, 6.987999999999986, 7.056999999999986, 6.899999999999995, -10.0
0.0, 7.055499999999986, 7.123499999999986, 6.799999999999995, -10.0
0.0, 7.121999999999987, 7.188999999999987, 6.699999999999996, -10.0
0.0, 7.187499999999987, 7.2534999999999865, 6.599999999999996, -10.0
0.0, 7.251999999999987, 7.316999999999988, 6.4999999999999964, -10.0
0.0, 7.315499999999988, 7.379499999999988, 6.399999999999997, -10.0
0.0, 7.377999999999988, 7.440999999999987, 6.299999999999997, -10.0
0.0, 7.439499999999988, 7.5014999999999885, 6.1999999999999975, -10.0
0.0, 7.4999999999999885, 7.560999999999988, 6.099999999999998, -10.0
0.0, 7.559499999999988, 7.619499999999988, 5.999999999999998, -10.0
0.0, 7.617999999999989, 7.676999999999989, 5.899999999999999, -10.0
0.0, 7.675499999999989, 7.733499999999989, 5.799999999999999, -10.0
0.0, 7.7319999999999895, 7.78899999999999, 5.699999999999999, -10.0
0.0, 7.78749999999999, 7.84349999999999, 5.6, -10.0
0.0, 7.84199999999999, 7.89699999999999, 5.5, -10.0
0.0, 7.89549999999999, 7.949499999999991, 5.4, -10.0
0.0, 7.947999999999991, 8.00099999999999, 5.300000000000001, -10.0
0.0, 7.9994999999999905, 8.05149999999999, 5.200000000000001, -10.0
0.0, 8.04999999999999, 8.10099999999999, 5.100000000000001, -10.0
0.0, 8.09949999999999, 8.14949999999999, 5.000000000000002, -10.0
0.0, 8.147999999999989, 8.196999999999989, 4.900000000000002, -10.0
0.0, 8.195499999999988, 8.243499999999989, 4.8000000000000025, -10.0
0.0, 8.241999999999988, 8.288999999999989, 4.700000000000003, -10.0
0.0, 8.287499999999987, 8.333499999999987, 4.600000000000003, -10.0
0.0, 8.331999999999987, 8.376999999999986, 4.5000000000000036, -10.0
0.0, 8.375499999999986, 8.419499999999987, 4.400000000000004, -10.0
0.0, 8.417999999999985, 8.460999999999984, 4.300000000000004, -10.0
0.0, 8.459499999999984, 8.501499999999984, 4.200000000000005, -10.0
0.0, 8.499999999999984, 8.540999999999984, 4.100000000000005, -10.0
0.0, 8.539499999999984, 8.579499999999985, 4.000000000000005, -10.0
0.0, 8.577999999999983, 8.616999999999983, 3.9000000000000052, -10.0
0.0, 8.615499999999983, 8.653499999999983, 3.800000000000005, -10.0
0.0, 8.651999999999983, 8.688999999999984, 3.700000000000005, -10.0
0.0, 8.687499999999982, 8.723499999999982, 3.600000000000005, -10.0
0.0, 8.721999999999982, 8.756999999999982, 3.500000000000005, -10.0
0.0, 8.755499999999982, 8.789499999999983, 3.400000000000005, -10.0
0.0, 8.78799999999998, 8.82099999999998, 3.3000000000000047, -10.0
0.0, 8.81949999999998, 8.85149999999998, 3.2000000000000046, -10.0
0.0, 8.84999999999998, 8.88099999999998, 3.1000000000000045, -10.0
0.0, 8.879499999999979, 8.909499999999978, 3.0000000000000044, -10.0
0.0, 8.907999999999978, 8.936999999999978, 2.9000000000000044, -10.0
0.0, 8.935499999999978, 8.963499999999978, 2.8000000000000043, -10.0
0.0, 8.961999999999977, 8.988999999999976, 2.700000000000004, -10.0
0.0, 8.987499999999976, 9.013499999999976, 2.600000000000004, -10.0
0.0, 9.011999999999976, 9.036999999999976, 2.500000000000004, -10.0
0.0, 9.035499999999976, 9.059499999999977, 2.400000000000004, -10.0
0.0, 9.057999999999975, 9.080999999999975, 2.300000000000004, -10.0
0.0, 9.079499999999975, 9.101499999999975, 2.2000000000000037, -10.0
0.0, 9.099999999999975, 9.120999999999976, 2.1000000000000036, -10.0
0.0, 9.119499999999974, 9.139499999999973, 2.0000000000000036, -10.0
0.0, 9.137999999999973, 9.156999999999973, 1.9000000000000035, -10.0
0.0, 9.155499999999973, 9.173499999999974, 1.8000000000000034, -10.0
0.0, 9.171999999999972, 9.188999999999972, 1.7000000000000033, -10.0
0.0, 9.187499999999972, 9.203499999999972, 1.6000000000000032, -10.0
0.0, 9.201999999999972, 9.216999999999972, 1.500000000000003, -10.0
0.0, 9.21549999999997, 9.22949999999997, 1.400000000000003, -10.0
0.0, 9.22799999999997, 9.24099999999997, 1.300000000000003, -10.0
0.0, 9.23949999999997, 9.25149999999997, 1.2000000000000028, -10.0
0.0, 9.249999999999968, 9.260999999999967, 1.1000000000000028, -10.0
0.0, 9.259499999999967, 9.269499999999967, 1.0000000000000027, -10.0
0.0, 9.267999999999967, 9.276999999999967, 0.9000000000000027, -10.0
0.0, 9.275499999999967, 9.283499999999968, 0.8000000000000027, -10.0
0.0, 9.281999999999966, 9.288999999999966, 0.7000000000000027, -10.0
0.0, 9.287499999999966, 9.293499999999966, 0.6000000000000028, -10.0
0.0, 9.291999999999966, 9.296999999999967, 0.5000000000000028, -10.0
0.0, 9.295499999999965, 9.299499999999965, 0.4000000000000028, -10.0
0.0, 9.297999999999965, 9.300999999999965, 0.3000000000000028, -10.0
0.0, 9.299499999999965, 9.301499999999965, 0.20000000000000281, -10.0
0.0, 9.299999999999963, 9.300999999999963, 0.10000000000000281, -10.0
0.0, 9.299499999999963, 9.299499999999963, 2.8033131371785203e-15, -10.0
0.0, 9.297999999999963, 9.296999999999963, -0.0999999999999972, -10.0
0.0, 9.295499999999961, 9.29349999999996, -0.1999999999999972, -10.0
0.0, 9.29199999999996, 9.28899999999996, -0.2999999999999972, -10.0
0.0, 9.28749999999996, 9.283499999999961, -0.39999999999999725, -10.0
0.0, 9.28199999999996, 9.276999999999958, -0.4999999999999972, -10.0
0.0, 9.275499999999958, 9.269499999999958, -0.5999999999999972, -10.0
0.0, 9.267999999999958, 9.260999999999958, -0.6999999999999972, -10.0
0.0, 9.259499999999958, 9.25149999999996, -0.7999999999999972, -10.0
0.0, 9.249999999999957, 9.240999999999957, -0.8999999999999971, -10.0
0.0, 9.239499999999957, 9.229499999999957, -0.9999999999999971, -10.0
0.0, 9.227999999999957, 9.216999999999958, -1.0999999999999972, -10.0
0.0, 9.215499999999956, 9.203499999999956, -1.1999999999999973, -10.0
0.0, 9.201999999999956, 9.188999999999956, -1.2999999999999974, -10.0
0.0, 9.187499999999956, 9.173499999999956, -1.3999999999999975, -10.0
0.0, 9.171999999999954, 9.156999999999954, -1.4999999999999976, -10.0
0.0, 9.155499999999954, 9.139499999999954, -1.5999999999999976, -10.0
0.0, 9.137999999999954, 9.120999999999954, -1.6999999999999977, -10.0
0.0, 9.119499999999952, 9.101499999999952, -1.7999999999999978, -10.0
0.0, 9.099999999999952, 9.080999999999952, -1.899999999999998, -10.0
0.0, 9.079499999999951, 9.059499999999952, -1.999999999999998, -10.0
0.0, 9.05799999999995, 9.03699999999995, -2.099999999999998, -10.0
0.0, 9.03549999999995, 9.013499999999949, -2.199999999999998, -10.0
0.0, 9.011999999999949, 8.98899999999995, -2.299999999999998, -10.0
0.0, 8.98749999999995, 8.96349999999995, -2.399999999999998, -10.0
0.0, 8.961999999999948, 8.936999999999948, -2.4999999999999982, -10.0
0.0, 8.935499999999948, 8.909499999999948, -2.5999999999999983, -10.0
0.0, 8.907999999999948, 8.880999999999949, -2.6999999999999984, -10.0
0.0, 8.879499999999947, 8.851499999999946, -2.7999999999999985, -10.0
0.0, 8.849999999999946, 8.820999999999946, -2.8999999999999986, -10.0
0.0, 8.819499999999946, 8.789499999999947, -2.9999999999999987, -10.0
0.0, 8.787999999999945, 8.756999999999945, -3.0999999999999988, -10.0
0.0, 8.755499999999945, 8.723499999999945, -3.199999999999999, -10.0
0.0, 8.721999999999944, 8.688999999999945, -3.299999999999999, -10.0
0.0, 8.687499999999943, 8.653499999999942, -3.399999999999999, -10.0
0.0, 8.651999999999942, 8.616999999999942, -3.499999999999999, -10.0
0.0, 8.615499999999942, 8.579499999999943, -3.599999999999999, -10.0
0.0, 8.57799999999994, 8.54099999999994, -3.6999999999999993, -10.0
0.0, 8.53949999999994, 8.50149999999994, -3.7999999999999994, -10.0
0.0, 8.49999999999994, 8.46099999999994, -3.8999999999999995, -10.0
0.0, 8.45949999999994, 8.41949999999994, -3.9999999999999996, -10.0
0.0, 8.417999999999939, 8.376999999999938, -4.1, -10.0
0.0, 8.375499999999938, 8.333499999999939, -4.199999999999999, -10.0
0.0, 8.331999999999939, 8.28899999999994, -4.299999999999999, -10.0
0.0, 8.287499999999937, 8.243499999999937, -4.399999999999999, -10.0
0.0, 8.241999999999937, 8.196999999999937, -4.499999999999998, -10.0
0.0, 8.195499999999937, 8.149499999999938, -4.599999999999998, -10.0
0.0, 8.147999999999936, 8.100999999999935, -4.6999999999999975, -10.0
0.0, 8.099499999999935, 8.051499999999935, -4.799999999999997, -10.0
0.0, 8.049999999999935, 8.000999999999935, -4.899999999999997, -10.0
0.0, 7.999499999999935, 7.949499999999936, -4.9999999999999964, -10.0
0.0, 7.947999999999936, 7.896999999999935, -5.099999999999996, -10.0
0.0, 7.895499999999936, 7.843499999999937, -5.199999999999996, -10.0
0.0, 7.841999999999937, 7.788999999999937, -5.299999999999995, -10.0
0.0, 7.787499999999937, 7.733499999999936, -5.399999999999995, -10.0
0.0, 7.731999999999937, 7.676999999999937, -5.499999999999995, -10.0
0.0, 7.675499999999937, 7.619499999999937, -5.599999999999994, -10.0
0.0, 7.617999999999937, 7.560999999999938, -5.699999999999994, -10.0
0.0, 7.559499999999938, 7.501499999999938, -5.799999999999994, -10.0
0.0, 7.499999999999938, 7.440999999999938, -5.899999999999993, -10.0
0.0, 7.4394999999999385, 7.379499999999939, -5.999999999999993, -10.0
0.0, 7.377999999999939, 7.316999999999939, -6.0999999999999925, -10.0
0.0, 7.315499999999939, 7.2534999999999386, -6.199999999999992, -10.0
0.0, 7.251999999999939, 7.18899999999994, -6.299999999999992, -10.0
0.0, 7.18749999999994, 7.1234999999999395, -6.3999999999999915, -10.0
0.0, 7.12199999999994, 7.056999999999941, -6.499999999999991, -10.0
0.0, 7.055499999999941, 6.989499999999941, -6.599999999999991, -10.0
0.0, 6.987999999999941, 6.920999999999941, -6.69999999999999, -10.0
0.0, 6.919499999999942, 6.851499999999942, -6.79999999999999, -10.0
0.0, 6.849999999999942, 6.780999999999942, -6.89999999999999, -10.0
0.0, 6.779499999999942, 6.709499999999942, -6.999999999999989, -10.0
0.0, 6.7079999999999425, 6.636999999999943, -7.099999999999989, -10.0
0.0, 6.635499999999943, 6.563499999999943, -7.199999999999989, -10.0
0.0, 6.561999999999943, 6.488999999999944, -7.299999999999988, -10.0
0.0, 6.487499999999944, 6.413499999999944, -7.399999999999988, -10.0
0.0, 6.411999999999944, 6.336999999999944, -7.499999999999988, -10.0
0.0, 6.335499999999945, 6.259499999999945, -7.599999999999987, -10.0
0.0, 6.257999999999945, 6.180999999999945, -7.699999999999987, -10.0
0.0, 6.179499999999945, 6.101499999999945, -7.7999999999999865, -10.0
0.0, 6.0999999999999455, 6.020999999999946, -7.899999999999986, -10.0
0.0, 6.019499999999946, 5.939499999999946, -7.999999999999986, -10.0
0.0, 5.937999999999946, 5.856999999999947, -8.099999999999985, -10.0
0.0, 5.855499999999947, 5.773499999999947, -8.199999999999985, -10.0
0.0, 5.771999999999947, 5.688999999999947, -8.299999999999985, -10.0
0.0, 5.687499999999948, 5.603499999999948, -8.399999999999984, -10.0
0.0, 5.601999999999948, 5.516999999999948, -8.499999999999984, -10.0
0.0, 5.515499999999949, 5.429499999999949, -8.599999999999984, -10.0
0.0, 5.427999999999949, 5.34099999999995, -8.699999999999983, -10.0
0.0, 5.3394999999999495, 5.251499999999949, -8.799999999999983, -10.0
0.0, 5.24999999999995, 5.160999999999951, -8.899999999999983, -10.0
0.0, 5.159499999999951, 5.069499999999951, -8.999999999999982, -10.0
0.0, 5.067999999999951, 4.976999999999951, -9.099999999999982, -10.0
0.0, 4.975499999999951, 4.883499999999952, -9.199999999999982, -10.0
0.0, 4.881999999999952, 4.788999999999952, -9.299999999999981, -10.0
0.0, 4.787499999999953, 4.693499999999953, -9.39999999999998, -10.0
0.0, 4.691999999999953, 4.596999999999953, -9.49999999999998, -10.0
0.0, 4.595499999999953, 4.499499999999953, -9.59999999999998, -10.0
0.0, 4.497999999999954, 4.4009999999999545, -9.69999999999998, -10.0
0.0, 4.3994999999999544, 4.301499999999955, -9.79999999999998, -10.0
0.0, 4.2999999999999545, 4.200999999999954, -9.899999999999979, -10.0
0.0, 4.199499999999955, 4.0994999999999555, -9.999999999999979, -10.0
0.0, 4.0979999999999555, 3.9969999999999555, -10.099999999999978, -10.0
0.0, 3.9954999999999554, 3.8934999999999556, -10.199999999999978, -10.0
0.0, 3.8919999999999555, 3.7889999999999557, -10.299999999999978, -10.0
0.0, 3.7874999999999557, 3.683499999999956, -10.399999999999977, -10.0
0.0, 3.6819999999999555, 3.5769999999999555, -10.499999999999977, -10.0
0.0, 3.5754999999999555, 3.4694999999999556, -10.599999999999977, -10.0
0.0, 3.4679999999999556, 3.360999999999956, -10.699999999999976, -10.0
0.0, 3.3594999999999557, 3.251499999999956, -10.799999999999976, -10.0
0.0, 3.249999999999956, 3.1409999999999565, -10.899999999999975, -10.0
0.0, 3.139499999999956, 3.029499999999956, -10.999999999999975, -10.0
0.0, 3.027999999999956, 2.9169999999999563, -11.099999999999975, -10.0
0.0, 2.9154999999999562, 2.8034999999999566, -11.199999999999974, -10.0
0.0, 2.8019999999999565, 2.688999999999957, -11.299999999999974, -10.0
0.0, 2.6874999999999565, 2.5734999999999566, -11.399999999999974, -10.0
0.0, 2.5719999999999565, 2.4569999999999568, -11.499999999999973, -10.0
0.0, 2.4554999999999567, 2.339499999999957, -11.599999999999973, -10.0
0.0, 2.337999999999957, 2.2209999999999575, -11.699999999999973, -10.0
0.0, 2.219499999999957, 2.101499999999957, -11.799999999999972, -10.0
0.0, 2.099999999999957, 1.9809999999999572, -11.899999999999972, -10.0
0.0, 1.9794999999999574, 1.8594999999999577, -11.999999999999972, -10.0
0.0, 1.8579999999999577, 1.736999999999958, -12.099999999999971, -10.0
0.0, 1.735499999999958, 1.6134999999999584, -12.19999999999997, -10.0
0.0, 1.6119999999999584, 1.4889999999999586, -12.29999999999997, -10.0
0.0, 1.4874999999999587, 1.363499999999959, -12.39999999999997, -10.0
0.0, 1.361999999999959, 1.2369999999999592, -12.49999999999997, -10.0
0.0, 1.2354999999999594, 1.1094999999999597, -12.59999999999997, -10.0
0.0, 1.1079999999999597, 0.98099999999996, -12.699999999999969, -10.0
0.0, 0.9794999999999601, 0.8514999999999604, -12.799999999999969, -10.0
0.0, 0.8499999999999605, 0.7209999999999608, -12.899999999999968, -10.0
0.0, 0.7194999999999608, 0.5894999999999612, -12.999999999999968, -10.0
0.0, 0.5879999999999612, 0.45699999999996155, -13.099999999999968, -10.0
0.0, 0.45549999999996155, 0.3234999999999619, -13.199999999999967, -10.0
0.0, 0.3219999999999619, 0.1889999999999622, -13.299999999999967, -10.0
0.0, 0.1874999999999622, 0.05349999999996252, -13.399999999999967, -10.0
0.0, 0.05199999999996252, -0.08300000000003716, -13.499999999999966, -10.0
0.0, -0.08450000000003713, -0.22050000000003678, -13.599999999999966, -10.0
0.0, -0.22200000000003678, -0.3590000000000364, -13.699999999999966, -10.0
0.0, -0.3605000000000364, -0.498500000000036, -13.799999999999965, -10.0
0.0, -0.500000000000036, -0.6390000000000357, -13.899999999999965, -10.0
0.0, -0.6405000000000356, -0.7805000000000353, -13.999999999999964, -10.0
0.0, -0.7820000000000352, -0.9230000000000349, -14.099999999999964, -10.0
0.0, -0.9245000000000348, -1.0665000000000344, -14.199999999999964, -10.0
0.0, -1.0680000000000345, -1.211000000000034, -14.299999999999963, -10.0
0.0, -1.212500000000034, -1.3565000000000338, -14.399999999999963, -10.0
0.0, -1.3580000000000336, -1.5030000000000332, -14.499999999999963, -10.0
0.0, -1.5045000000000333, -1.650500000000033, -14.599999999999962, -10.0
0.0, -1.6520000000000328, -1.7990000000000324, -14.699999999999962, -10.0
0.0, -1.8005000000000324, -1.948500000000032, -14.799999999999962, -10.0
0.0, -1.950000000000032, -2.0990000000000317, -14.899999999999961, -10.0
0.0, -2.100500000000032, -2.2505000000000313, -14.999999999999961, -10.0
0.0, -2.2520000000000318, -2.4030000000000316, -15.09999999999996, -10.0
0.0, -2.4045000000000316, -2.5565000000000313, -15.19999999999996, -10.0
0.0, -2.5580000000000314, -2.711000000000031, -15.29999999999996, -10.0
0.0, -2.712500000000031, -2.8665000000000305, -15.39999999999996, -10.0
0.0, -2.868000000000031, -3.0230000000000308, -15.49999999999996, -10.0
0.0, -3.024500000000031, -3.1805000000000305, -15.599999999999959, -10.0
0.0, -3.1820000000000306, -3.33900000000003, -15.699999999999958, -10.0
0.0, -3.3405000000000302, -3.4985000000000297, -15.799999999999958, -10.0
0.0, -3.5000000000000298, -3.659000000000029, -15.899999999999958, -10.0
0.0, -3.6605000000000296, -3.8205000000000293, -15.999999999999957, -10.0
0.0, -3.8220000000000294, -3.983000000000029, -16.09999999999996, -10.0
0.0, -3.984500000000029, -4.146500000000029, -16.19999999999996, -10.0
0.0, -4.148000000000028, -4.3110000000000275, -16.29999999999996, -10.0
0.0, -4.3125000000000275, -4.476500000000027, -16.399999999999963, -10.0
0.0, -4.478000000000027, -4.643000000000027, -16.499999999999964, -10.0
0.0, -4.6445000000000265, -4.810500000000026, -16.599999999999966, -10.0
0.0, -4.812000000000026, -4.979000000000026, -16.699999999999967, -10.0
0.0, -4.980500000000025, -5.148500000000024, -16.79999999999997, -10.0
0.0, -5.150000000000024, -5.319000000000024, -16.89999999999997, -10.0
0.0, -5.320500000000024, -5.490500000000024, -16.99999999999997, -10.0
0.0, -5.492000000000023, -5.6630000000000225, -17.099999999999973, -10.0
0.0, -5.6645000000000225, -5.836500000000022, -17.199999999999974, -10.0
0.0, -5.838000000000022, -6.011000000000022, -17.299999999999976, -10.0
0.0, -6.0125000000000215, -6.186500000000021, -17.399999999999977, -10.0
0.0, -6.188000000000021, -6.363000000000021, -17.49999999999998, -10.0
0.0, -6.364500000000021, -6.540500000000021, -17.59999999999998, -10.0
0.0, -6.54200000000002, -6.71900000000002, -17.69999999999998, -10.0
0.0, -6.72050000000002, -6.89850000000002, -17.799999999999983, -10.0
0.0, -6.90000000000002, -7.07900000000002, -17.899999999999984, -10.0
0.0, -7.080500000000019, -7.260500000000019, -17.999999999999986, -10.0
0.0, -7.262000000000019, -7.443000000000019, -18.099999999999987, -10.0
0.0, -7.444500000000018, -7.626500000000018, -18.19999999999999, -10.0
0.0, -7.628000000000018, -7.811000000000018, -18.29999999999999, -10.0
0.0, -7.812500000000018, -7.996500000000018, -18.39999999999999, -10.0
0.0, -7.998000000000017, -8.183000000000018, -18.499999999999993, -10.0
0.0, -8.184500000000018, -8.370500000000018, -18.599999999999994, -10.0
0.0, -8.372000000000018, -8.559000000000017, -18.699999999999996, -10.0
0.0, -8.560500000000019, -8.74850000000002, -18.799999999999997, -10.0
0.0, -8.75, -8.93900000000002, 18.9, -10.0
0.0, -8.5625, -8.3745, 18.799999999999997, -10.0
0.0, -8.376000000000001, -8.189000000000002, 18.699999999999996, -10.0
0.0, -8.190500000000002, -8.004500000000002, 18.599999999999994, -10.0
0.0, -8.006000000000002, -7.821000000000002, 18.499999999999993, -10.0
0.0, -7.822500000000002, -7.638500000000001, 18.39999999999999, -10.0
0.0, -7.6400000000000015, -7.457000000000002, 18.29999999999999, -10.0
0.0, -7.458500000000002, -7.276500000000002, 18.19999999999999, -10.0
0.0, -7.278000000000001, -7.097000000000001, 18.099999999999987, -10.0
0.0, -7.098500000000001, -6.918500000000002, 17.999999999999986, -10.0
0.0, -6.920000000000001, -6.7410000000000005, 17.899999999999984, -10.0
0.0, -6.742500000000001, -6.564500000000001, 17.799999999999983, -10.0
0.0, -6.566000000000001, -6.389000000000001, 17.69999999999998, -10.0
0.0, -6.3905, -6.2145, 17.59999999999998, -10.0
0.0, -6.216, -6.041, 17.49999999999998, -10.0
0.0, -6.0425, -5.868500000000001, 17.399999999999977, -10.0
0.0, -5.87, -5.697, 17.299999999999976, -10.0
0.0, -5.6985, -5.5265, 17.199999999999974, -10.0
0.0, -5.5280000000000005, -5.357000000000001, 17.099999999999973, -10.0
0.0, -5.3585, -5.1885, 16.99999999999997, -10.0
0.0, -5.19, -5.021000000000001, 16.89999999999997, -10.0
0.0, -5.022500000000001, -4.854500000000002, 16.79999999999997, -10.0
0.0, -4.856000000000001, -4.689000000000001, 16.699999999999967, -10.0
0.0, -4.690500000000001, -4.5245000000000015, 16.599999999999966, -10.0
0.0, -4.526000000000001, -4.361000000000001, 16.499999999999964, -10.0
0.0, -4.362500000000001, -4.198500000000001, 16.399999999999963, -10.0
0.0, -4.200000000000001, -4.037000000000002, 16.29999999999996, -10.0
0.0, -4.038500000000001, -3.8765000000000014, 16.19999999999996, -10.0
0.0, -3.8780000000000014, -3.717000000000002, 16.09999999999996, -10.0
0.0, -3.718500000000002, -3.558500000000002, 15.99999999999996, -10.0
0.0, -3.5600000000000027, -3.4010000000000034, 15.89999999999996, -10.0
0.0, -3.4025000000000034, -3.244500000000004, 15.79999999999996, -10.0
0.0, -3.246000000000004, -3.0890000000000044, 15.69999999999996, -10.0
0.0, -3.0905000000000045, -2.9345000000000048, 15.59999999999996, -10.0
0.0, -2.936000000000005, -2.781000000000005, 15.499999999999961, -10.0
0.0, -2.7825000000000055, -2.628500000000006, 15.399999999999961, -10.0
0.0, -2.630000000000006, -2.4770000000000065, 15.299999999999962, -10.0
0.0, -2.4785000000000066, -2.326500000000007, 15.199999999999962, -10.0
0.0, -2.328000000000007, -2.177000000000007, 15.099999999999962, -10.0
0.0, -2.1785000000000077, -2.028500000000008, 14.999999999999963, -10.0
0.0, -2.0300000000000082, -1.8810000000000087, 14.899999999999963, -10.0
0.0, -1.8825000000000085, -1.7345000000000088, 14.799999999999963, -10.0
0.0, -1.7360000000000089, -1.5890000000000093, 14.699999999999964, -10.0
0.0, -1.5905000000000091, -1.4445000000000094, 14.599999999999964, -10.0
0.0, -1.4460000000000095, -1.30100000000001, 14.499999999999964, -10.0
0.0, -1.3025000000000098, -1.15850000000001, 14.399999999999965, -10.0
0.0, -1.1600000000000101, -1.0170000000000106, 14.299999999999965, -10.0
0.0, -1.0185000000000104, -0.8765000000000107, 14.199999999999966, -10.0
0.0, -0.8780000000000107, -0.737000000000011, 14.099999999999966, -10.0
0.0, -0.7385000000000109, -0.5985000000000112, 13.999999999999966, -10.0
0.0, -0.6000000000000112, -0.4610000000000115, 13.899999999999967, -10.0
0.0, -0.4625000000000115, -0.32450000000001183, 13.799999999999967, -10.0
0.0, -0.32600000000001184, -0.18900000000001216, 13.699999999999967, -10.0
0.0, -0.19050000000001216, -0.05450000000001248, 13.599999999999968, -10.0
0.0, -0.056000000000012484, 0.07899999999998719, 13.499999999999968, -10.0
0.0, 0.07749999999998719, 0.21149999999998687, 13.399999999999968, -10.0
0.0, 0.2099999999999869, 0.3429999999999866, 13.299999999999969, -10.0
0.0, 0.3414999999999866, 0.47349999999998627, 13.199999999999969, -10.0
0.0, 0.47199999999998626, 0.602999999999986, 13.09999999999997, -10.0
0.0, 0.601499999999986, 0.7314999999999857, 12.99999999999997, -10.0
0.0, 0.7299999999999858, 0.8589999999999854, 12.89999999999997, -10.0
0.0, 0.8574999999999855, 0.9854999999999852, 12.79999999999997, -10.0
0.0, 0.9839999999999853, 1.110999999999985, 12.69999999999997, -10.0
0.0, 1.109499999999985, 1.2354999999999847, 12.599999999999971, -10.0
0.0, 1.2339999999999849, 1.3589999999999847, 12.499999999999972, -10.0
0.0, 1.3574999999999846, 1.4814999999999843, 12.399999999999972, -10.0
0.0, 1.4799999999999844, 1.6029999999999842, 12.299999999999972, -10.0
0.0, 1.6014999999999842, 1.7234999999999838, 12.199999999999973, -10.0
0.0, 1.721999999999984, 1.8429999999999838, 12.099999999999973, -10.0
0.0, 1.8414999999999837, 1.9614999999999834, 11.999999999999973, -10.0
0.0, 1.9599999999999835, 2.0789999999999833, 11.899999999999974, -10.0
0.0, 2.0774999999999832, 2.195499999999983, 11.799999999999974, -10.0
0.0, 2.1939999999999826, 2.310999999999982, 11.699999999999974, -10.0
0.0, 2.309499999999982, 2.425499999999982, 11.599999999999975, -10.0
0.0, 2.4239999999999817, 2.5389999999999815, 11.499999999999975, -10.0
0.0, 2.5374999999999814, 2.6514999999999813, 11.399999999999975, -10.0
0.0, 2.6499999999999813, 2.7629999999999812, 11.299999999999976, -10.0
0.0, 2.7614999999999807, 2.8734999999999804, 11.199999999999976, -10.0
0.0, 2.8719999999999803, 2.98299999999998, 11.099999999999977, -10.0
0.0, 2.98149999999998, 3.09149999999998, 10.999999999999977, -10.0
0.0, 3.08999999999998, 3.19899999999998, 10.899999999999977, -10.0
0.0, 3.1974999999999794, 3.305499999999979, 10.799999999999978, -10.0
0.0, 3.303999999999979, 3.4109999999999787, 10.699999999999978, -10.0
0.0, 3.4094999999999787, 3.5154999999999785, 10.599999999999978, -10.0
0.0, 3.5139999999999785, 3.6189999999999785, 10.499999999999979, -10.0
0.0, 3.617499999999978, 3.7214999999999776, 10.399999999999979, -10.0
0.0, 3.7199999999999775, 3.8229999999999773, 10.29999999999998, -10.0
0.0, 3.8214999999999772, 3.923499999999977, 10.19999999999998, -10.0
0.0, 3.921999999999977, 4.022999999999977, 10.09999999999998, -10.0
0.0, 4.021499999999977, 4.121499999999977, 9.99999999999998, -10.0
0.0, 4.119999999999978, 4.218999999999978, 9.89999999999998, -10.0
0.0, 4.217499999999978, 4.315499999999978, 9.799999999999981, -10.0
0.0, 4.313999999999978, 4.410999999999977, 9.699999999999982, -10.0
0.0, 4.409499999999978, 4.505499999999978, 9.599999999999982, -10.0
0.0, 4.503999999999978, 4.598999999999978, 9.499999999999982, -10.0
0.0, 4.597499999999978, 4.691499999999977, 9.399999999999983, -10.0
0.0, 4.689999999999978, 4.782999999999978, 9.299999999999983, -10.0
0.0, 4.781499999999978, 4.873499999999978, 9.199999999999983, -10.0
0.0, 4.871999999999979, 4.962999999999979, 9.099999999999984, -10.0
0.0, 4.961499999999979, 5.051499999999979, 8.999999999999984, -10.0
0.0, 5.0499999999999785, 5.138999999999978, 8.899999999999984, -10.0
0.0, 5.137499999999979, 5.225499999999979, 8.799999999999985, -10.0
0.0, 5.223999999999979, 5.310999999999979, 8.699999999999985, -10.0
0.0, 5.3094999999999795, 5.395499999999979, 8.599999999999985, -10.0
0.0, 5.39399999999998, 5.47899999999998, 8.499999999999986, -10.0
0.0, 5.47749999999998, 5.561499999999979, 8.399999999999986, -10.0
0.0, 5.55999999999998, 5.64299999999998, 8.299999999999986, -10.0
0.0, 5.64149999999998, 5.72349999999998, 8.199999999999987, -10.0
0.0, 5.72199999999998, 5.8029999999999795, 8.099999999999987, -10.0
0.0, 5.80149999999998, 5.88149999999998, 7.999999999999988, -10.0
0.0, 5.87999999999998, 5.95899999999998, 7.899999999999988, -10.0
0.0, 5.957499999999981, 6.035499999999981, 7.799999999999988, -10.0
0.0, 6.033999999999981, 6.110999999999981, 7.699999999999989, -10.0
0.0, 6.109499999999981, 6.185499999999981, 7.599999999999989, -10.0
0.0, 6.1839999999999815, 6.258999999999982, 7.499999999999989, -10.0
0.0, 6.257499999999982, 6.3314999999999815, 7.39999999999999, -10.0
0.0, 6.329999999999981, 6.402999999999981, 7.29999999999999, -10.0
0.0, 6.401499999999982, 6.473499999999982, 7.19999999999999, -10.0
0.0, 6.471999999999982, 6.5429999999999815, 7.099999999999991, -10.0
0.0, 6.541499999999982, 6.611499999999983, 6.999999999999991, -10.0
0.0, 6.609999999999983, 6.6789999999999825, 6.8999999999999915, -10.0
0.0, 6.6774999999999824, 6.745499999999982, 6.799999999999992, -10.0
0.0, 6.743999999999983, 6.810999999999983, 6.699999999999992, -10.0
